{
    "MAE": 0.055633883502008395,
    "PSNR": 23.184930845707985,
    "SSIM": 0.8315241932868958,
    "Perceptual": 4.7507009415384385
}