{
    "RGB_MAE": 0.043232957126386466,
    "RGB_PSNR": 24.893334836994057,
    "RGB_SSIM": 0.9370271563529968,
    "AB_MAE": 0.07170878266394139,
    "Saturation_Diff": 0.08313513581342995,
    "Total_Images": 2500,
    "Checkpoint": "checkpoint_epoch_017_20250810_193435.pt"
}