{
    "MAE": 0.05089990274080386,
    "PSNR": 23.8270687234049,
    "SSIM": 0.9403175115585327
}