{
    "MAE": 0.05448608883894049,
    "PSNR": 23.305358734472815,
    "SSIM": 0.8673577308654785,
    "Perceptual": 4.861180986325443
}