{
    "MAE": 0.051529186670171714,
    "PSNR": 23.77816476149957,
    "SSIM": 0.9291030168533325
}