{
    "MAE": 0.0562950087887235,
    "PSNR": 22.928938497584863,
    "SSIM": 0.8750914335250854,
    "Perceptual": 5.432189424896985
}