{
    "MAE": 0.05431747524365783,
    "PSNR": 23.3815419800375,
    "SSIM": 0.9087550044059753,
    "LPIPS": 0.18401244959905744
}