{
    "MAE": 0.04549256320456043,
    "PSNR": 24.784734009253413,
    "SSIM": 0.9394618272781372
}